{"cameraMode":{"drawMode":0,"name":"Shaded","section":"Shading Mode"},"sceneLighting":true,"audioPlay":false,"sceneViewState":{"showFog":false,"showMaterialUpdate":false,"showSkybox":false,"showFlares":false,"showImageEffects":false,"showParticleSystems":false},"in2DMode":false,"pivot":{"x":-0.34489715099334719,"y":1.4555929899215699,"z":1.3891878128051758},"rotation":{"x":-0.0179960448294878,"y":0.9615855813026428,"z":-0.2661266326904297,"w":-0.06500453501939774},"size":1.8795652389526368,"orthographic":true}