{"cameraMode":{"drawMode":0,"name":"Shaded","section":"Shading Mode"},"sceneLighting":false,"audioPlay":false,"sceneViewState":{"showFog":false,"showMaterialUpdate":false,"showSkybox":false,"showFlares":false,"showImageEffects":false,"showParticleSystems":false},"in2DMode":false,"pivot":{"x":0.2287755310535431,"y":1.6969189643859864,"z":1.3293733596801758},"rotation":{"x":0.022149385884404184,"y":0.9774889945983887,"z":-0.16125918924808503,"w":0.13426244258880616},"size":2.051138401031494,"orthographic":true}