{"cameraMode":{"drawMode":0,"name":"Shaded","section":"Shading Mode"},"sceneLighting":false,"audioPlay":false,"sceneViewState":{"showFog":false,"showMaterialUpdate":false,"showSkybox":false,"showFlares":false,"showImageEffects":false,"showParticleSystems":false},"in2DMode":false,"pivot":{"x":-1.4913504123687745,"y":1.9033377170562745,"z":-0.3947986960411072},"rotation":{"x":0.004226429853588343,"y":0.7412130832672119,"z":-0.6712397336959839,"w":0.004666934721171856},"size":22.0,"orthographic":true}