{"cameraMode":{"drawMode":0,"name":"Shaded","section":"Shading Mode"},"sceneLighting":false,"audioPlay":false,"sceneViewState":{"showFog":false,"showMaterialUpdate":false,"showSkybox":false,"showFlares":false,"showImageEffects":false,"showParticleSystems":false},"in2DMode":false,"pivot":{"x":-0.970704972743988,"y":1.0360167026519776,"z":0.7575725317001343},"rotation":{"x":0.18321527540683747,"y":-0.8146488666534424,"z":0.35504150390625,"w":0.4203929603099823},"size":0.7725384831428528,"orthographic":true}