{"cameraMode":{"drawMode":0,"name":"Shaded","section":"Shading Mode"},"sceneLighting":false,"audioPlay":false,"sceneViewState":{"showFog":false,"showMaterialUpdate":false,"showSkybox":false,"showFlares":false,"showImageEffects":false,"showParticleSystems":false},"in2DMode":false,"pivot":{"x":-0.7653084397315979,"y":2.0425822734832765,"z":1.1912143230438233},"rotation":{"x":0.7331199049949646,"y":-1.451492481763239e-9,"z":1.2220111589300587e-9,"w":0.6800990104675293},"size":0.6907538175582886,"orthographic":false}