{"cameraMode":{"drawMode":0,"name":"Shaded","section":"Shading Mode"},"sceneLighting":false,"audioPlay":false,"sceneViewState":{"showFog":false,"showMaterialUpdate":false,"showSkybox":false,"showFlares":false,"showImageEffects":false,"showParticleSystems":false},"in2DMode":false,"pivot":{"x":-0.8420000076293945,"y":0.8429999947547913,"z":0.08999999612569809},"rotation":{"x":0.3268314599990845,"y":0.4480328857898712,"z":-0.18025019764900208,"w":0.8123784065246582},"size":0.7993692755699158,"orthographic":true}